Id,Predicted
0,.RicisaRzhncIfenAnjofhsrvnUzkoRpREShnzeDhkhmphnIbhlItshdwngREtiGizhntin
1,.HInnOthvDAtDhprchnsWidmImEtRrTstakAndnOtskhnvrthbOintin?UzkoRprEShnstat.k.
2,.itizDI?UeskhvrmhndhHAzhHyprpenshtItURAndefhsets.bAtEztUIngEjhnnEghtivs
3,.DhsEtiGsbAGkanzhWintfaRmrtUhndrfoRtItUtrbynztenrEnhletRishtIDetisOltUhlOklItil
4,.anDhneSnhlaRkhtsistimEtiGynpRYnpoRml?hnSeRztEnzAnzaftWenIWhnprsenfrmTrzdEzrj.
5,.HanhlsOkhnfrnhtIdhbIUzthfiGhToRdmhtrkhmphnIz?iRhpIn?UnhdhvAthvrytIhvklAbrtivvencrRz
6,.DitWidnbIen?UShhlfrpRyvhkhmphnIztiswlAthfiftIprsendEtipRsendiskwnafDhphbliky?Uised.
7,.HIbenpHAshfloRthbaRgzARmhnrsWoRnAnhzDhnEShnz?enghstitRnIRhnH?UisevhntIn.
8,.inphtik?hlrhflOhfoRhnmhnIDhvfoRsmhnlAf.hksekthtUIsIfTrginispItnevrmhteRlyzt.
9,.hmeRkhnikspResOlsORIshnIhnwnstklAnzfrRphblhkafriGhvsemSishnstak.piRIhd.
10,.RrpRizedhsivRytsprpOzhlDiznathmpRyDhWolstRItizpIphltWiTkRes.piRIhd.
11,.DrRIshntib?UsizanlolstItHAvmEtidhpashbhltaRghtfoRneshsrIkAksiGkRIs.piRIhd.
12,.mentrzliklitEtrzHAvsUdOShnhnhDrpRaRtIzi?UestistRtkoRttinn?UoRlhnz.piRIhd.
13,.DhWhnHhdRdHyfhnceRIhdeksWhzafyvpYnttUpYntsetWhndwzhnkamhsevhnHhndrdEtInynpYntTyvpiRIhd.
14,._bizmaRksnzezicREninjhbiGpYntfrRneRIwvlaRjRekhnyzfaRmz.
15,.DhfstUhrROdmistrseRhmhkslOzIkRthizednREShnfrkonIpROvhnzanhl.
16,.nistrkEntiGgrWaShzDhvfrRiDyvvRIsObithwnkhlHolplUvDhminEtbagOdr_
17,.?UsiDIllImeRrinDhztEthpaRbRhnnwzDhpItIzekhtrIjanWynfed
18,._DAnhphDhpOthlkasDhthbwvoRbil?hndalrzh.bEgbetithvOltwmmaRkit.
19,.sOTfOlghskRUpsrdinrzlEvTestiGinUpekhlbaRfaRHoRsOWidm
20,.DAnImEhfedhlItagrdseRHOldrolhnkhmphnIapritshshkhndrRImaRkEt_frOloR
21,._WiDAtIhdifOzrvzzentRhstWithvrpoRtidnetiGkhmhvsevhntInpYntfyvmil?hndalrz.
22,.mOsthDeRDrvfERtspatsRgEnosROlEzhWiDIvsepshnhvWestrmhnIhnitlI
23,.rtUzhpRyshsDelzeROpYntTRIprsenthndhsembrwmyindikEtiGinflEsnrmEnzhndrkhntROlhpiR
24,.indestRIlwphtgEnziROpYnttUprsentlAsnhnDAndTRI?pYntEtprsentTrDI?iRpiRIhd.
25,.itseddhbhlkWOtDeRiznOkomrShlladjikhbhlkWOttinhkamhnEshnhvkRATrmRAbinshn
26,.?ltREntfRhmfoRpYnEtpRrsentinyntInyntIsevhnpYnttUprsenthnziRhkUpanbanzdUintUTDwzintU.
27,.HIiznevmisoRikstendrnhDhchWhkhntukAtmhtlestDhhspimhskAnhmeRhkh.WoRdhninkoRpREdsel
28,.bhthdhdaRknhspAsthtRcbEits.AphlynbathlWitrDhDhdRAnhn?nstrzhgRik?hnhnselzbl
29,.inhnsents.DIesbidmhnistREchnshpoRthvDhnekskhnplAn.yslIdbeGkhmeRhphmen?hfAkrzAnhvr.
30,.bhshmhvhmhsmOkhlAnInTlAnchmemrzaReldrlImEmAndrz.Uv?UplitrhfoRmhzdEnrz.
31,.koRbrpAnhjmhntRyztinidhmynsthtHOthltHAkshzbhvkoRprthnprsmh.frinIgivhnnhvhlhvkoRprbRAfhts.
32,.RicisaRzhncIfenAnjofhsrvnUzkoRpREShnzeDhkhmphnIbhlItshdwngREtiGizhntin
33,.HInnOthvDAtDhprchnsWidmImEtRrTstakAndnOtskhnvrthbOintin?UzkoRprEShnstat.k.
34,.itizDI?UeskhvrmhndhHAzhHyprpenshtItURAndefhsets.bAtEztUIngEjhnnEghtivs
35,.DhsEtiGsbAGkanzhWintfaRmrtUhndrfoRtItUtrbynztenrEnhletRishtIDetisOltUhlOklItil
36,.anDhneSnhlaRkhtsistimEtiGynpRYnpoRml?hnSeRztEnzAnzaftWenIWhnprsenfrmTrzdEzrj.
37,.HanhlsOkhnfrnhtIdhbIUzthfiGhToRdmhtrkhmphnIz?iRhpIn?UnhdhvAthvrytIhvklAbrtivvencrRz
38,.DitWidnbIen?UShhlfrpRyvhkhmphnIztiswlAthfiftIprsendEtipRsendiskwnafDhphbliky?Uised.
39,.HIbenpHAshfloRthbaRgzARmhnrsWoRnAnhzDhnEShnz?enghstitRnIRhnH?UisevhntIn.
40,.inphtik?hlrhflOhfoRhnmhnIDhvfoRsmhnlAf.hksekthtUIsIfTrginispItnevrmhteRlyzt.
41,.hmeRkhnikspResOlsORIshnIhnwnstklAnzfrRphblhkafriGhvsemSishnstak.piRIhd.
42,.RrpRizedhsivRytsprpOzhlDiznathmpRyDhWolstRItizpIphltWiTkRes.piRIhd.
43,.DrRIshntib?UsizanlolstItHAvmEtidhpashbhltaRghtfoRneshsrIkAksiGkRIs.piRIhd.
44,.mentrzliklitEtrzHAvsUdOShnhnhDrpRaRtIzi?UestistRtkoRttinn?UoRlhnz.piRIhd.
45,.DhWhnHhdRdHyfhnceRIhdeksWhzafyvpYnttUpYntsetWhndwzhnkamhsevhnHhndrdEtInynpYntTyvpiRIhd.
46,._bizmaRksnzezicREninjhbiGpYntfrRneRIwvlaRjRekhnyzfaRmz.
47,.DhfstUhrROdmistrseRhmhkslOzIkRthizednREShnfrkonIpROvhnzanhl.
48,.nistrkEntiGgrWaShzDhvfrRiDyvvRIsObithwnkhlHolplUvDhminEtbagOdr_
49,.?UsiDIllImeRrinDhztEthpaRbRhnnwzDhpItIzekhtrIjanWynfed
50,._DAnhphDhpOthlkasDhthbwvoRbil?hndalrzh.bEgbetithvOltwmmaRkit.
51,.sOTfOlghskRUpsrdinrzlEvTestiGinUpekhlbaRfaRHoRsOWidm
52,.DAnImEhfedhlItagrdseRHOldrolhnkhmphnIapritshshkhndrRImaRkEt_frOloR
53,._WiDAtIhdifOzrvzzentRhstWithvrpoRtidnetiGkhmhvsevhntInpYntfyvmil?hndalrz.
54,.mOsthDeRDrvfERtspatsRgEnosROlEzhWiDIvsepshnhvWestrmhnIhnitlI
55,.rtUzhpRyshsDelzeROpYntTRIprsenthndhsembrwmyindikEtiGinflEsnrmEnzhndrkhntROlhpiR
56,.indestRIlwphtgEnziROpYnttUprsentlAsnhnDAndTRI?pYntEtprsentTrDI?iRpiRIhd.
57,.itseddhbhlkWOtDeRiznOkomrShlladjikhbhlkWOttinhkamhnEshnhvkRATrmRAbinshn
58,.?ltREntfRhmfoRpYnEtpRrsentinyntInyntIsevhnpYnttUprsenthnziRhkUpanbanzdUintUTDwzintU.
59,.HIiznevmisoRikstendrnhDhchWhkhntukAtmhtlestDhhspimhskAnhmeRhkh.WoRdhninkoRpREdsel
60,.bhthdhdaRknhspAsthtRcbEits.AphlynbathlWitrDhDhdRAnhn?nstrzhgRik?hnhnselzbl
61,.inhnsents.DIesbidmhnistREchnshpoRthvDhnekskhnplAn.yslIdbeGkhmeRhphmen?hfAkrzAnhvr.
62,.bhshmhvhmhsmOkhlAnInTlAnchmemrzaReldrlImEmAndrz.Uv?UplitrhfoRmhzdEnrz.
63,.koRbrpAnhjmhntRyztinidhmynsthtHOthltHAkshzbhvkoRprthnprsmh.frinIgivhnnhvhlhvkoRprbRAfhts.
64,.RicisaRzhncIfenAnjofhsrvnUzkoRpREShnzeDhkhmphnIbhlItshdwngREtiGizhntin
65,.HInnOthvDAtDhprchnsWidmImEtRrTstakAndnOtskhnvrthbOintin?UzkoRprEShnstat.k.
66,.itizDI?UeskhvrmhndhHAzhHyprpenshtItURAndefhsets.bAtEztUIngEjhnnEghtivs
67,.DhsEtiGsbAGkanzhWintfaRmrtUhndrfoRtItUtrbynztenrEnhletRishtIDetisOltUhlOklItil
68,.anDhneSnhlaRkhtsistimEtiGynpRYnpoRml?hnSeRztEnzAnzaftWenIWhnprsenfrmTrzdEzrj.
69,.HanhlsOkhnfrnhtIdhbIUzthfiGhToRdmhtrkhmphnIz?iRhpIn?UnhdhvAthvrytIhvklAbrtivvencrRz
70,.DitWidnbIen?UShhlfrpRyvhkhmphnIztiswlAthfiftIprsendEtipRsendiskwnafDhphbliky?Uised.
71,.HIbenpHAshfloRthbaRgzARmhnrsWoRnAnhzDhnEShnz?enghstitRnIRhnH?UisevhntIn.
72,.inphtik?hlrhflOhfoRhnmhnIDhvfoRsmhnlAf.hksekthtUIsIfTrginispItnevrmhteRlyzt.
73,.hmeRkhnikspResOlsORIshnIhnwnstklAnzfrRphblhkafriGhvsemSishnstak.piRIhd.
74,.RrpRizedhsivRytsprpOzhlDiznathmpRyDhWolstRItizpIphltWiTkRes.piRIhd.
75,.DrRIshntib?UsizanlolstItHAvmEtidhpashbhltaRghtfoRneshsrIkAksiGkRIs.piRIhd.
76,.mentrzliklitEtrzHAvsUdOShnhnhDrpRaRtIzi?UestistRtkoRttinn?UoRlhnz.piRIhd.
77,.DhWhnHhdRdHyfhnceRIhdeksWhzafyvpYnttUpYntsetWhndwzhnkamhsevhnHhndrdEtInynpYntTyvpiRIhd.
78,._bizmaRksnzezicREninjhbiGpYntfrRneRIwvlaRjRekhnyzfaRmz.
79,.DhfstUhrROdmistrseRhmhkslOzIkRthizednREShnfrkonIpROvhnzanhl.
80,.nistrkEntiGgrWaShzDhvfrRiDyvvRIsObithwnkhlHolplUvDhminEtbagOdr_
81,.?UsiDIllImeRrinDhztEthpaRbRhnnwzDhpItIzekhtrIjanWynfed
82,._DAnhphDhpOthlkasDhthbwvoRbil?hndalrzh.bEgbetithvOltwmmaRkit.
83,.sOTfOlghskRUpsrdinrzlEvTestiGinUpekhlbaRfaRHoRsOWidm
84,.DAnImEhfedhlItagrdseRHOldrolhnkhmphnIapritshshkhndrRImaRkEt_frOloR
85,._WiDAtIhdifOzrvzzentRhstWithvrpoRtidnetiGkhmhvsevhntInpYntfyvmil?hndalrz.
86,.mOsthDeRDrvfERtspatsRgEnosROlEzhWiDIvsepshnhvWestrmhnIhnitlI
87,.rtUzhpRyshsDelzeROpYntTRIprsenthndhsembrwmyindikEtiGinflEsnrmEnzhndrkhntROlhpiR
88,.indestRIlwphtgEnziROpYnttUprsentlAsnhnDAndTRI?pYntEtprsentTrDI?iRpiRIhd.
89,.itseddhbhlkWOtDeRiznOkomrShlladjikhbhlkWOttinhkamhnEshnhvkRATrmRAbinshn
90,.?ltREntfRhmfoRpYnEtpRrsentinyntInyntIsevhnpYnttUprsenthnziRhkUpanbanzdUintUTDwzintU.
91,.HIiznevmisoRikstendrnhDhchWhkhntukAtmhtlestDhhspimhskAnhmeRhkh.WoRdhninkoRpREdsel
92,.bhthdhdaRknhspAsthtRcbEits.AphlynbathlWitrDhDhdRAnhn?nstrzhgRik?hnhnselzbl
93,.inhnsents.DIesbidmhnistREchnshpoRthvDhnekskhnplAn.yslIdbeGkhmeRhphmen?hfAkrzAnhvr.
94,.bhshmhvhmhsmOkhlAnInTlAnchmemrzaReldrlImEmAndrz.Uv?UplitrhfoRmhzdEnrz.
95,.koRbrpAnhjmhntRyztinidhmynsthtHOthltHAkshzbhvkoRprthnprsmh.frinIgivhnnhvhlhvkoRprbRAfhts.
96,.RicisaRzhncIfenAnjofhsrvnUzkoRpREShnzeDhkhmphnIbhlItshdwngREtiGizhntin
97,.HInnOthvDAtDhprchnsWidmImEtRrTstakAndnOtskhnvrthbOintin?UzkoRprEShnstat.k.
98,.itizDI?UeskhvrmhndhHAzhHyprpenshtItURAndefhsets.bAtEztUIngEjhnnEghtivs
99,.DhsEtiGsbAGkanzhWintfaRmrtUhndrfoRtItUtrbynztenrEnhletRishtIDetisOltUhlOklItil
100,.anDhneSnhlaRkhtsistimEtiGynpRYnpoRml?hnSeRztEnzAnzaftWenIWhnprsenfrmTrzdEzrj.
101,.HanhlsOkhnfrnhtIdhbIUzthfiGhToRdmhtrkhmphnIz?iRhpIn?UnhdhvAthvrytIhvklAbrtivvencrRz
102,.DitWidnbIen?UShhlfrpRyvhkhmphnIztiswlAthfiftIprsendEtipRsendiskwnafDhphbliky?Uised.
103,.HIbenpHAshfloRthbaRgzARmhnrsWoRnAnhzDhnEShnz?enghstitRnIRhnH?UisevhntIn.
104,.inphtik?hlrhflOhfoRhnmhnIDhvfoRsmhnlAf.hksekthtUIsIfTrginispItnevrmhteRlyzt.
105,.hmeRkhnikspResOlsORIshnIhnwnstklAnzfrRphblhkafriGhvsemSishnstak.piRIhd.
106,.RrpRizedhsivRytsprpOzhlDiznathmpRyDhWolstRItizpIphltWiTkRes.piRIhd.
107,.DrRIshntib?UsizanlolstItHAvmEtidhpashbhltaRghtfoRneshsrIkAksiGkRIs.piRIhd.
108,.mentrzliklitEtrzHAvsUdOShnhnhDrpRaRtIzi?UestistRtkoRttinn?UoRlhnz.piRIhd.
109,.DhWhnHhdRdHyfhnceRIhdeksWhzafyvpYnttUpYntsetWhndwzhnkamhsevhnHhndrdEtInynpYntTyvpiRIhd.
110,._bizmaRksnzezicREninjhbiGpYntfrRneRIwvlaRjRekhnyzfaRmz.
111,.DhfstUhrROdmistrseRhmhkslOzIkRthizednREShnfrkonIpROvhnzanhl.
112,.nistrkEntiGgrWaShzDhvfrRiDyvvRIsObithwnkhlHolplUvDhminEtbagOdr_
113,.?UsiDIllImeRrinDhztEthpaRbRhnnwzDhpItIzekhtrIjanWynfed
114,._DAnhphDhpOthlkasDhthbwvoRbil?hndalrzh.bEgbetithvOltwmmaRkit.
115,.sOTfOlghskRUpsrdinrzlEvTestiGinUpekhlbaRfaRHoRsOWidm
116,.DAnImEhfedhlItagrdseRHOldrolhnkhmphnIapritshshkhndrRImaRkEt_frOloR
117,._WiDAtIhdifOzrvzzentRhstWithvrpoRtidnetiGkhmhvsevhntInpYntfyvmil?hndalrz.
118,.mOsthDeRDrvfERtspatsRgEnosROlEzhWiDIvsepshnhvWestrmhnIhnitlI
119,.rtUzhpRyshsDelzeROpYntTRIprsenthndhsembrwmyindikEtiGinflEsnrmEnzhndrkhntROlhpiR
120,.indestRIlwphtgEnziROpYnttUprsentlAsnhnDAndTRI?pYntEtprsentTrDI?iRpiRIhd.
121,.itseddhbhlkWOtDeRiznOkomrShlladjikhbhlkWOttinhkamhnEshnhvkRATrmRAbinshn
122,.?ltREntfRhmfoRpYnEtpRrsentinyntInyntIsevhnpYnttUprsenthnziRhkUpanbanzdUintUTDwzintU.
123,.HIiznevmisoRikstendrnhDhchWhkhntukAtmhtlestDhhspimhskAnhmeRhkh.WoRdhninkoRpREdsel
124,.bhthdhdaRknhspAsthtRcbEits.AphlynbathlWitrDhDhdRAnhn?nstrzhgRik?hnhnselzbl
125,.inhnsents.DIesbidmhnistREchnshpoRthvDhnekskhnplAn.yslIdbeGkhmeRhphmen?hfAkrzAnhvr.
126,.bhshmhvhmhsmOkhlAnInTlAnchmemrzaReldrlImEmAndrz.Uv?UplitrhfoRmhzdEnrz.
127,.koRbrpAnhjmhntRyztinidhmynsthtHOthltHAkshzbhvkoRprthnprsmh.frinIgivhnnhvhlhvkoRprbRAfhts.
128,.RicisaRzhncIfenAnjofhsrvnUzkoRpREShnzeDhkhmphnIbhlItshdwngREtiGizhntin
129,.HInnOthvDAtDhprchnsWidmImEtRrTstakAndnOtskhnvrthbOintin?UzkoRprEShnstat.k.
130,.itizDI?UeskhvrmhndhHAzhHyprpenshtItURAndefhsets.bAtEztUIngEjhnnEghtivs
131,.DhsEtiGsbAGkanzhWintfaRmrtUhndrfoRtItUtrbynztenrEnhletRishtIDetisOltUhlOklItil
132,.anDhneSnhlaRkhtsistimEtiGynpRYnpoRml?hnSeRztEnzAnzaftWenIWhnprsenfrmTrzdEzrj.
133,.HanhlsOkhnfrnhtIdhbIUzthfiGhToRdmhtrkhmphnIz?iRhpIn?UnhdhvAthvrytIhvklAbrtivvencrRz
134,.DitWidnbIen?UShhlfrpRyvhkhmphnIztiswlAthfiftIprsendEtipRsendiskwnafDhphbliky?Uised.
135,.HIbenpHAshfloRthbaRgzARmhnrsWoRnAnhzDhnEShnz?enghstitRnIRhnH?UisevhntIn.
136,.inphtik?hlrhflOhfoRhnmhnIDhvfoRsmhnlAf.hksekthtUIsIfTrginispItnevrmhteRlyzt.
137,.hmeRkhnikspResOlsORIshnIhnwnstklAnzfrRphblhkafriGhvsemSishnstak.piRIhd.
138,.RrpRizedhsivRytsprpOzhlDiznathmpRyDhWolstRItizpIphltWiTkRes.piRIhd.
139,.DrRIshntib?UsizanlolstItHAvmEtidhpashbhltaRghtfoRneshsrIkAksiGkRIs.piRIhd.
140,.mentrzliklitEtrzHAvsUdOShnhnhDrpRaRtIzi?UestistRtkoRttinn?UoRlhnz.piRIhd.
141,.DhWhnHhdRdHyfhnceRIhdeksWhzafyvpYnttUpYntsetWhndwzhnkamhsevhnHhndrdEtInynpYntTyvpiRIhd.
142,._bizmaRksnzezicREninjhbiGpYntfrRneRIwvlaRjRekhnyzfaRmz.
143,.DhfstUhrROdmistrseRhmhkslOzIkRthizednREShnfrkonIpROvhnzanhl.
144,.nistrkEntiGgrWaShzDhvfrRiDyvvRIsObithwnkhlHolplUvDhminEtbagOdr_
145,.?UsiDIllImeRrinDhztEthpaRbRhnnwzDhpItIzekhtrIjanWynfed
146,._DAnhphDhpOthlkasDhthbwvoRbil?hndalrzh.bEgbetithvOltwmmaRkit.
147,.sOTfOlghskRUpsrdinrzlEvTestiGinUpekhlbaRfaRHoRsOWidm
148,.DAnImEhfedhlItagrdseRHOldrolhnkhmphnIapritshshkhndrRImaRkEt_frOloR
149,._WiDAtIhdifOzrvzzentRhstWithvrpoRtidnetiGkhmhvsevhntInpYntfyvmil?hndalrz.
150,.mOsthDeRDrvfERtspatsRgEnosROlEzhWiDIvsepshnhvWestrmhnIhnitlI
151,.rtUzhpRyshsDelzeROpYntTRIprsenthndhsembrwmyindikEtiGinflEsnrmEnzhndrkhntROlhpiR
152,.indestRIlwphtgEnziROpYnttUprsentlAsnhnDAndTRI?pYntEtprsentTrDI?iRpiRIhd.
153,.itseddhbhlkWOtDeRiznOkomrShlladjikhbhlkWOttinhkamhnEshnhvkRATrmRAbinshn
154,.?ltREntfRhmfoRpYnEtpRrsentinyntInyntIsevhnpYnttUprsenthnziRhkUpanbanzdUintUTDwzintU.
155,.HIiznevmisoRikstendrnhDhchWhkhntukAtmhtlestDhhspimhskAnhmeRhkh.WoRdhninkoRpREdsel
156,.bhthdhdaRknhspAsthtRcbEits.AphlynbathlWitrDhDhdRAnhn?nstrzhgRik?hnhnselzbl
157,.inhnsents.DIesbidmhnistREchnshpoRthvDhnekskhnplAn.yslIdbeGkhmeRhphmen?hfAkrzAnhvr.
158,.bhshmhvhmhsmOkhlAnInTlAnchmemrzaReldrlImEmAndrz.Uv?UplitrhfoRmhzdEnrz.
159,.koRbrpAnhjmhntRyztinidhmynsthtHOthltHAkshzbhvkoRprthnprsmh.frinIgivhnnhvhlhvkoRprbRAfhts.
160,.RicisaRzhncIfenAnjofhsrvnUzkoRpREShnzeDhkhmphnIbhlItshdwngREtiGizhntin
161,.HInnOthvDAtDhprchnsWidmImEtRrTstakAndnOtskhnvrthbOintin?UzkoRprEShnstat.k.
162,.itizDI?UeskhvrmhndhHAzhHyprpenshtItURAndefhsets.bAtEztUIngEjhnnEghtivs
163,.DhsEtiGsbAGkanzhWintfaRmrtUhndrfoRtItUtrbynztenrEnhletRishtIDetisOltUhlOklItil
164,.anDhneSnhlaRkhtsistimEtiGynpRYnpoRml?hnSeRztEnzAnzaftWenIWhnprsenfrmTrzdEzrj.
165,.HanhlsOkhnfrnhtIdhbIUzthfiGhToRdmhtrkhmphnIz?iRhpIn?UnhdhvAthvrytIhvklAbrtivvencrRz
166,.DitWidnbIen?UShhlfrpRyvhkhmphnIztiswlAthfiftIprsendEtipRsendiskwnafDhphbliky?Uised.
167,.HIbenpHAshfloRthbaRgzARmhnrsWoRnAnhzDhnEShnz?enghstitRnIRhnH?UisevhntIn.
168,.inphtik?hlrhflOhfoRhnmhnIDhvfoRsmhnlAf.hksekthtUIsIfTrginispItnevrmhteRlyzt.
169,.hmeRkhnikspResOlsORIshnIhnwnstklAnzfrRphblhkafriGhvsemSishnstak.piRIhd.
170,.RrpRizedhsivRytsprpOzhlDiznathmpRyDhWolstRItizpIphltWiTkRes.piRIhd.
171,.DrRIshntib?UsizanlolstItHAvmEtidhpashbhltaRghtfoRneshsrIkAksiGkRIs.piRIhd.
172,.mentrzliklitEtrzHAvsUdOShnhnhDrpRaRtIzi?UestistRtkoRttinn?UoRlhnz.piRIhd.
173,.DhWhnHhdRdHyfhnceRIhdeksWhzafyvpYnttUpYntsetWhndwzhnkamhsevhnHhndrdEtInynpYntTyvpiRIhd.
174,._bizmaRksnzezicREninjhbiGpYntfrRneRIwvlaRjRekhnyzfaRmz.
175,.DhfstUhrROdmistrseRhmhkslOzIkRthizednREShnfrkonIpROvhnzanhl.
176,.nistrkEntiGgrWaShzDhvfrRiDyvvRIsObithwnkhlHolplUvDhminEtbagOdr_
177,.?UsiDIllImeRrinDhztEthpaRbRhnnwzDhpItIzekhtrIjanWynfed
178,._DAnhphDhpOthlkasDhthbwvoRbil?hndalrzh.bEgbetithvOltwmmaRkit.
179,.sOTfOlghskRUpsrdinrzlEvTestiGinUpekhlbaRfaRHoRsOWidm
180,.DAnImEhfedhlItagrdseRHOldrolhnkhmphnIapritshshkhndrRImaRkEt_frOloR
181,._WiDAtIhdifOzrvzzentRhstWithvrpoRtidnetiGkhmhvsevhntInpYntfyvmil?hndalrz.
182,.mOsthDeRDrvfERtspatsRgEnosROlEzhWiDIvsepshnhvWestrmhnIhnitlI
183,.rtUzhpRyshsDelzeROpYntTRIprsenthndhsembrwmyindikEtiGinflEsnrmEnzhndrkhntROlhpiR
184,.indestRIlwphtgEnziROpYnttUprsentlAsnhnDAndTRI?pYntEtprsentTrDI?iRpiRIhd.
185,.itseddhbhlkWOtDeRiznOkomrShlladjikhbhlkWOttinhkamhnEshnhvkRATrmRAbinshn
186,.?ltREntfRhmfoRpYnEtpRrsentinyntInyntIsevhnpYnttUprsenthnziRhkUpanbanzdUintUTDwzintU.
187,.HIiznevmisoRikstendrnhDhchWhkhntukAtmhtlestDhhspimhskAnhmeRhkh.WoRdhninkoRpREdsel
188,.bhthdhdaRknhspAsthtRcbEits.AphlynbathlWitrDhDhdRAnhn?nstrzhgRik?hnhnselzbl
189,.inhnsents.DIesbidmhnistREchnshpoRthvDhnekskhnplAn.yslIdbeGkhmeRhphmen?hfAkrzAnhvr.
190,.bhshmhvhmhsmOkhlAnInTlAnchmemrzaReldrlImEmAndrz.Uv?UplitrhfoRmhzdEnrz.
191,.koRbrpAnhjmhntRyztinidhmynsthtHOthltHAkshzbhvkoRprthnprsmh.frinIgivhnnhvhlhvkoRprbRAfhts.
192,.RicisaRzhncIfenAnjofhsrvnUzkoRpREShnzeDhkhmphnIbhlItshdwngREtiGizhntin
193,.HInnOthvDAtDhprchnsWidmImEtRrTstakAndnOtskhnvrthbOintin?UzkoRprEShnstat.k.
194,.itizDI?UeskhvrmhndhHAzhHyprpenshtItURAndefhsets.bAtEztUIngEjhnnEghtivs
195,.DhsEtiGsbAGkanzhWintfaRmrtUhndrfoRtItUtrbynztenrEnhletRishtIDetisOltUhlOklItil
196,.anDhneSnhlaRkhtsistimEtiGynpRYnpoRml?hnSeRztEnzAnzaftWenIWhnprsenfrmTrzdEzrj.
197,.HanhlsOkhnfrnhtIdhbIUzthfiGhToRdmhtrkhmphnIz?iRhpIn?UnhdhvAthvrytIhvklAbrtivvencrRz
198,.DitWidnbIen?UShhlfrpRyvhkhmphnIztiswlAthfiftIprsendEtipRsendiskwnafDhphbliky?Uised.
199,.HIbenpHAshfloRthbaRgzARmhnrsWoRnAnhzDhnEShnz?enghstitRnIRhnH?UisevhntIn.
200,.inphtik?hlrhflOhfoRhnmhnIDhvfoRsmhnlAf.hksekthtUIsIfTrginispItnevrmhteRlyzt.
201,.hmeRkhnikspResOlsORIshnIhnwnstklAnzfrRphblhkafriGhvsemSishnstak.piRIhd.
202,.RrpRizedhsivRytsprpOzhlDiznathmpRyDhWolstRItizpIphltWiTkRes.piRIhd.
203,.DrRIshntib?UsizanlolstItHAvmEtidhpashbhltaRghtfoRneshsrIkAksiGkRIs.piRIhd.
204,.mentrzliklitEtrzHAvsUdOShnhnhDrpRaRtIzi?UestistRtkoRttinn?UoRlhnz.piRIhd.
205,.DhWhnHhdRdHyfhnceRIhdeksWhzafyvpYnttUpYntsetWhndwzhnkamhsevhnHhndrdEtInynpYntTyvpiRIhd.
206,._bizmaRksnzezicREninjhbiGpYntfrRneRIwvlaRjRekhnyzfaRmz.
207,.DhfstUhrROdmistrseRhmhkslOzIkRthizednREShnfrkonIpROvhnzanhl.
208,.nistrkEntiGgrWaShzDhvfrRiDyvvRIsObithwnkhlHolplUvDhminEtbagOdr_
209,.?UsiDIllImeRrinDhztEthpaRbRhnnwzDhpItIzekhtrIjanWynfed
210,._DAnhphDhpOthlkasDhthbwvoRbil?hndalrzh.bEgbetithvOltwmmaRkit.
211,.sOTfOlghskRUpsrdinrzlEvTestiGinUpekhlbaRfaRHoRsOWidm
212,.DAnImEhfedhlItagrdseRHOldrolhnkhmphnIapritshshkhndrRImaRkEt_frOloR
213,._WiDAtIhdifOzrvzzentRhstWithvrpoRtidnetiGkhmhvsevhntInpYntfyvmil?hndalrz.
214,.mOsthDeRDrvfERtspatsRgEnosROlEzhWiDIvsepshnhvWestrmhnIhnitlI
215,.rtUzhpRyshsDelzeROpYntTRIprsenthndhsembrwmyindikEtiGinflEsnrmEnzhndrkhntROlhpiR
216,.indestRIlwphtgEnziROpYnttUprsentlAsnhnDAndTRI?pYntEtprsentTrDI?iRpiRIhd.
217,.itseddhbhlkWOtDeRiznOkomrShlladjikhbhlkWOttinhkamhnEshnhvkRATrmRAbinshn
218,.?ltREntfRhmfoRpYnEtpRrsentinyntInyntIsevhnpYnttUprsenthnziRhkUpanbanzdUintUTDwzintU.
219,.HIiznevmisoRikstendrnhDhchWhkhntukAtmhtlestDhhspimhskAnhmeRhkh.WoRdhninkoRpREdsel
220,.bhthdhdaRknhspAsthtRcbEits.AphlynbathlWitrDhDhdRAnhn?nstrzhgRik?hnhnselzbl
221,.inhnsents.DIesbidmhnistREchnshpoRthvDhnekskhnplAn.yslIdbeGkhmeRhphmen?hfAkrzAnhvr.
222,.bhshmhvhmhsmOkhlAnInTlAnchmemrzaReldrlImEmAndrz.Uv?UplitrhfoRmhzdEnrz.
223,.koRbrpAnhjmhntRyztinidhmynsthtHOthltHAkshzbhvkoRprthnprsmh.frinIgivhnnhvhlhvkoRprbRAfhts.
224,.RicisaRzhncIfenAnjofhsrvnUzkoRpREShnzeDhkhmphnIbhlItshdwngREtiGizhntin
225,.HInnOthvDAtDhprchnsWidmImEtRrTstakAndnOtskhnvrthbOintin?UzkoRprEShnstat.k.
226,.itizDI?UeskhvrmhndhHAzhHyprpenshtItURAndefhsets.bAtEztUIngEjhnnEghtivs
227,.DhsEtiGsbAGkanzhWintfaRmrtUhndrfoRtItUtrbynztenrEnhletRishtIDetisOltUhlOklItil
228,.anDhneSnhlaRkhtsistimEtiGynpRYnpoRml?hnSeRztEnzAnzaftWenIWhnprsenfrmTrzdEzrj.
229,.HanhlsOkhnfrnhtIdhbIUzthfiGhToRdmhtrkhmphnIz?iRhpIn?UnhdhvAthvrytIhvklAbrtivvencrRz
230,.DitWidnbIen?UShhlfrpRyvhkhmphnIztiswlAthfiftIprsendEtipRsendiskwnafDhphbliky?Uised.
231,.HIbenpHAshfloRthbaRgzARmhnrsWoRnAnhzDhnEShnz?enghstitRnIRhnH?UisevhntIn.
232,.inphtik?hlrhflOhfoRhnmhnIDhvfoRsmhnlAf.hksekthtUIsIfTrginispItnevrmhteRlyzt.
233,.hmeRkhnikspResOlsORIshnIhnwnstklAnzfrRphblhkafriGhvsemSishnstak.piRIhd.
234,.RrpRizedhsivRytsprpOzhlDiznathmpRyDhWolstRItizpIphltWiTkRes.piRIhd.
235,.DrRIshntib?UsizanlolstItHAvmEtidhpashbhltaRghtfoRneshsrIkAksiGkRIs.piRIhd.
236,.mentrzliklitEtrzHAvsUdOShnhnhDrpRaRtIzi?UestistRtkoRttinn?UoRlhnz.piRIhd.
237,.DhWhnHhdRdHyfhnceRIhdeksWhzafyvpYnttUpYntsetWhndwzhnkamhsevhnHhndrdEtInynpYntTyvpiRIhd.
238,._bizmaRksnzezicREninjhbiGpYntfrRneRIwvlaRjRekhnyzfaRmz.
239,.DhfstUhrROdmistrseRhmhkslOzIkRthizednREShnfrkonIpROvhnzanhl.
240,.nistrkEntiGgrWaShzDhvfrRiDyvvRIsObithwnkhlHolplUvDhminEtbagOdr_
241,.?UsiDIllImeRrinDhztEthpaRbRhnnwzDhpItIzekhtrIjanWynfed
242,._DAnhphDhpOthlkasDhthbwvoRbil?hndalrzh.bEgbetithvOltwmmaRkit.
243,.sOTfOlghskRUpsrdinrzlEvTestiGinUpekhlbaRfaRHoRsOWidm
244,.DAnImEhfedhlItagrdseRHOldrolhnkhmphnIapritshshkhndrRImaRkEt_frOloR
245,._WiDAtIhdifOzrvzzentRhstWithvrpoRtidnetiGkhmhvsevhntInpYntfyvmil?hndalrz.
246,.mOsthDeRDrvfERtspatsRgEnosROlEzhWiDIvsepshnhvWestrmhnIhnitlI
247,.rtUzhpRyshsDelzeROpYntTRIprsenthndhsembrwmyindikEtiGinflEsnrmEnzhndrkhntROlhpiR
248,.indestRIlwphtgEnziROpYnttUprsentlAsnhnDAndTRI?pYntEtprsentTrDI?iRpiRIhd.
249,.itseddhbhlkWOtDeRiznOkomrShlladjikhbhlkWOttinhkamhnEshnhvkRATrmRAbinshn
250,.?ltREntfRhmfoRpYnEtpRrsentinyntInyntIsevhnpYnttUprsenthnziRhkUpanbanzdUintUTDwzintU.
251,.HIiznevmisoRikstendrnhDhchWhkhntukAtmhtlestDhhspimhskAnhmeRhkh.WoRdhninkoRpREdsel
252,.bhthdhdaRknhspAsthtRcbEits.AphlynbathlWitrDhDhdRAnhn?nstrzhgRik?hnhnselzbl
253,.inhnsents.DIesbidmhnistREchnshpoRthvDhnekskhnplAn.yslIdbeGkhmeRhphmen?hfAkrzAnhvr.
254,.bhshmhvhmhsmOkhlAnInTlAnchmemrzaReldrlImEmAndrz.Uv?UplitrhfoRmhzdEnrz.
255,.koRbrpAnhjmhntRyztinidhmynsthtHOthltHAkshzbhvkoRprthnprsmh.frinIgivhnnhvhlhvkoRprbRAfhts.
256,.RicisaRzhncIfenAnjofhsrvnUzkoRpREShnzeDhkhmphnIbhlItshdwngREtiGizhntin
257,.HInnOthvDAtDhprchnsWidmImEtRrTstakAndnOtskhnvrthbOintin?UzkoRprEShnstat.k.
258,.itizDI?UeskhvrmhndhHAzhHyprpenshtItURAndefhsets.bAtEztUIngEjhnnEghtivs
259,.DhsEtiGsbAGkanzhWintfaRmrtUhndrfoRtItUtrbynztenrEnhletRishtIDetisOltUhlOklItil
260,.anDhneSnhlaRkhtsistimEtiGynpRYnpoRml?hnSeRztEnzAnzaftWenIWhnprsenfrmTrzdEzrj.
261,.HanhlsOkhnfrnhtIdhbIUzthfiGhToRdmhtrkhmphnIz?iRhpIn?UnhdhvAthvrytIhvklAbrtivvencrRz
262,.DitWidnbIen?UShhlfrpRyvhkhmphnIztiswlAthfiftIprsendEtipRsendiskwnafDhphbliky?Uised.
263,.HIbenpHAshfloRthbaRgzARmhnrsWoRnAnhzDhnEShnz?enghstitRnIRhnH?UisevhntIn.
264,.inphtik?hlrhflOhfoRhnmhnIDhvfoRsmhnlAf.hksekthtUIsIfTrginispItnevrmhteRlyzt.
265,.hmeRkhnikspResOlsORIshnIhnwnstklAnzfrRphblhkafriGhvsemSishnstak.piRIhd.
266,.RrpRizedhsivRytsprpOzhlDiznathmpRyDhWolstRItizpIphltWiTkRes.piRIhd.
267,.DrRIshntib?UsizanlolstItHAvmEtidhpashbhltaRghtfoRneshsrIkAksiGkRIs.piRIhd.
268,.mentrzliklitEtrzHAvsUdOShnhnhDrpRaRtIzi?UestistRtkoRttinn?UoRlhnz.piRIhd.
269,.DhWhnHhdRdHyfhnceRIhdeksWhzafyvpYnttUpYntsetWhndwzhnkamhsevhnHhndrdEtInynpYntTyvpiRIhd.
270,._bizmaRksnzezicREninjhbiGpYntfrRneRIwvlaRjRekhnyzfaRmz.
271,.DhfstUhrROdmistrseRhmhkslOzIkRthizednREShnfrkonIpROvhnzanhl.
272,.nistrkEntiGgrWaShzDhvfrRiDyvvRIsObithwnkhlHolplUvDhminEtbagOdr_
273,.?UsiDIllImeRrinDhztEthpaRbRhnnwzDhpItIzekhtrIjanWynfed
274,._DAnhphDhpOthlkasDhthbwvoRbil?hndalrzh.bEgbetithvOltwmmaRkit.
275,.sOTfOlghskRUpsrdinrzlEvTestiGinUpekhlbaRfaRHoRsOWidm
276,.DAnImEhfedhlItagrdseRHOldrolhnkhmphnIapritshshkhndrRImaRkEt_frOloR
277,._WiDAtIhdifOzrvzzentRhstWithvrpoRtidnetiGkhmhvsevhntInpYntfyvmil?hndalrz.
278,.mOsthDeRDrvfERtspatsRgEnosROlEzhWiDIvsepshnhvWestrmhnIhnitlI
279,.rtUzhpRyshsDelzeROpYntTRIprsenthndhsembrwmyindikEtiGinflEsnrmEnzhndrkhntROlhpiR
280,.indestRIlwphtgEnziROpYnttUprsentlAsnhnDAndTRI?pYntEtprsentTrDI?iRpiRIhd.
281,.itseddhbhlkWOtDeRiznOkomrShlladjikhbhlkWOttinhkamhnEshnhvkRATrmRAbinshn
282,.?ltREntfRhmfoRpYnEtpRrsentinyntInyntIsevhnpYnttUprsenthnziRhkUpanbanzdUintUTDwzintU.
283,.HIiznevmisoRikstendrnhDhchWhkhntukAtmhtlestDhhspimhskAnhmeRhkh.WoRdhninkoRpREdsel
284,.bhthdhdaRknhspAsthtRcbEits.AphlynbathlWitrDhDhdRAnhn?nstrzhgRik?hnhnselzbl
285,.inhnsents.DIesbidmhnistREchnshpoRthvDhnekskhnplAn.yslIdbeGkhmeRhphmen?hfAkrzAnhvr.
286,.bhshmhvhmhsmOkhlAnInTlAnchmemrzaReldrlImEmAndrz.Uv?UplitrhfoRmhzdEnrz.
287,.koRbrpAnhjmhntRyztinidhmynsthtHOthltHAkshzbhvkoRprthnprsmh.frinIgivhnnhvhlhvkoRprbRAfhts.
288,.RicisaRzhncIfenAnjofhsrvnUzkoRpREShnzeDhkhmphnIbhlItshdwngREtiGizhntin
289,.HInnOthvDAtDhprchnsWidmImEtRrTstakAndnOtskhnvrthbOintin?UzkoRprEShnstat.k.
290,.itizDI?UeskhvrmhndhHAzhHyprpenshtItURAndefhsets.bAtEztUIngEjhnnEghtivs
291,.DhsEtiGsbAGkanzhWintfaRmrtUhndrfoRtItUtrbynztenrEnhletRishtIDetisOltUhlOklItil
292,.anDhneSnhlaRkhtsistimEtiGynpRYnpoRml?hnSeRztEnzAnzaftWenIWhnprsenfrmTrzdEzrj.
293,.HanhlsOkhnfrnhtIdhbIUzthfiGhToRdmhtrkhmphnIz?iRhpIn?UnhdhvAthvrytIhvklAbrtivvencrRz
294,.DitWidnbIen?UShhlfrpRyvhkhmphnIztiswlAthfiftIprsendEtipRsendiskwnafDhphbliky?Uised.
295,.HIbenpHAshfloRthbaRgzARmhnrsWoRnAnhzDhnEShnz?enghstitRnIRhnH?UisevhntIn.
296,.inphtik?hlrhflOhfoRhnmhnIDhvfoRsmhnlAf.hksekthtUIsIfTrginispItnevrmhteRlyzt.
297,.hmeRkhnikspResOlsORIshnIhnwnstklAnzfrRphblhkafriGhvsemSishnstak.piRIhd.
298,.RrpRizedhsivRytsprpOzhlDiznathmpRyDhWolstRItizpIphltWiTkRes.piRIhd.
299,.DrRIshntib?UsizanlolstItHAvmEtidhpashbhltaRghtfoRneshsrIkAksiGkRIs.piRIhd.
300,.mentrzliklitEtrzHAvsUdOShnhnhDrpRaRtIzi?UestistRtkoRttinn?UoRlhnz.piRIhd.
301,.DhWhnHhdRdHyfhnceRIhdeksWhzafyvpYnttUpYntsetWhndwzhnkamhsevhnHhndrdEtInynpYntTyvpiRIhd.
302,._bizmaRksnzezicREninjhbiGpYntfrRneRIwvlaRjRekhnyzfaRmz.
303,.DhfstUhrROdmistrseRhmhkslOzIkRthizednREShnfrkonIpROvhnzanhl.
304,.nistrkEntiGgrWaShzDhvfrRiDyvvRIsObithwnkhlHolplUvDhminEtbagOdr_
305,.?UsiDIllImeRrinDhztEthpaRbRhnnwzDhpItIzekhtrIjanWynfed
306,._DAnhphDhpOthlkasDhthbwvoRbil?hndalrzh.bEgbetithvOltwmmaRkit.
307,.sOTfOlghskRUpsrdinrzlEvTestiGinUpekhlbaRfaRHoRsOWidm
308,.DAnImEhfedhlItagrdseRHOldrolhnkhmphnIapritshshkhndrRImaRkEt_frOloR
309,._WiDAtIhdifOzrvzzentRhstWithvrpoRtidnetiGkhmhvsevhntInpYntfyvmil?hndalrz.
310,.mOsthDeRDrvfERtspatsRgEnosROlEzhWiDIvsepshnhvWestrmhnIhnitlI
311,.rtUzhpRyshsDelzeROpYntTRIprsenthndhsembrwmyindikEtiGinflEsnrmEnzhndrkhntROlhpiR
312,.indestRIlwphtgEnziROpYnttUprsentlAsnhnDAndTRI?pYntEtprsentTrDI?iRpiRIhd.
313,.itseddhbhlkWOtDeRiznOkomrShlladjikhbhlkWOttinhkamhnEshnhvkRATrmRAbinshn
314,.?ltREntfRhmfoRpYnEtpRrsentinyntInyntIsevhnpYnttUprsenthnziRhkUpanbanzdUintUTDwzintU.
315,.HIiznevmisoRikstendrnhDhchWhkhntukAtmhtlestDhhspimhskAnhmeRhkh.WoRdhninkoRpREdsel
316,.bhthdhdaRknhspAsthtRcbEits.AphlynbathlWitrDhDhdRAnhn?nstrzhgRik?hnhnselzbl
317,.inhnsents.DIesbidmhnistREchnshpoRthvDhnekskhnplAn.yslIdbeGkhmeRhphmen?hfAkrzAnhvr.
318,.bhshmhvhmhsmOkhlAnInTlAnchmemrzaReldrlImEmAndrz.Uv?UplitrhfoRmhzdEnrz.
319,.koRbrpAnhjmhntRyztinidhmynsthtHOthltHAkshzbhvkoRprthnprsmh.frinIgivhnnhvhlhvkoRprbRAfhts.
320,.RicisaRzhncIfenAnjofhsrvnUzkoRpREShnzeDhkhmphnIbhlItshdwngREtiGizhntin
321,.HInnOthvDAtDhprchnsWidmImEtRrTstakAndnOtskhnvrthbOintin?UzkoRprEShnstat.k.
322,.itizDI?UeskhvrmhndhHAzhHyprpenshtItURAndefhsets.bAtEztUIngEjhnnEghtivs
323,.DhsEtiGsbAGkanzhWintfaRmrtUhndrfoRtItUtrbynztenrEnhletRishtIDetisOltUhlOklItil
324,.anDhneSnhlaRkhtsistimEtiGynpRYnpoRml?hnSeRztEnzAnzaftWenIWhnprsenfrmTrzdEzrj.
325,.HanhlsOkhnfrnhtIdhbIUzthfiGhToRdmhtrkhmphnIz?iRhpIn?UnhdhvAthvrytIhvklAbrtivvencrRz
326,.DitWidnbIen?UShhlfrpRyvhkhmphnIztiswlAthfiftIprsendEtipRsendiskwnafDhphbliky?Uised.
327,.HIbenpHAshfloRthbaRgzARmhnrsWoRnAnhzDhnEShnz?enghstitRnIRhnH?UisevhntIn.
328,.inphtik?hlrhflOhfoRhnmhnIDhvfoRsmhnlAf.hksekthtUIsIfTrginispItnevrmhteRlyzt.
329,.hmeRkhnikspResOlsORIshnIhnwnstklAnzfrRphblhkafriGhvsemSishnstak.piRIhd.
330,.RrpRizedhsivRytsprpOzhlDiznathmpRyDhWolstRItizpIphltWiTkRes.piRIhd.
331,.DrRIshntib?UsizanlolstItHAvmEtidhpashbhltaRghtfoRneshsrIkAksiGkRIs.piRIhd.
332,.mentrzliklitEtrzHAvsUdOShnhnhDrpRaRtIzi?UestistRtkoRttinn?UoRlhnz.piRIhd.
333,.DhWhnHhdRdHyfhnceRIhdeksWhzafyvpYnttUpYntsetWhndwzhnkamhsevhnHhndrdEtInynpYntTyvpiRIhd.
334,._bizmaRksnzezicREninjhbiGpYntfrRneRIwvlaRjRekhnyzfaRmz.
335,.DhfstUhrROdmistrseRhmhkslOzIkRthizednREShnfrkonIpROvhnzanhl.
336,.nistrkEntiGgrWaShzDhvfrRiDyvvRIsObithwnkhlHolplUvDhminEtbagOdr_
337,.?UsiDIllImeRrinDhztEthpaRbRhnnwzDhpItIzekhtrIjanWynfed
338,._DAnhphDhpOthlkasDhthbwvoRbil?hndalrzh.bEgbetithvOltwmmaRkit.
339,.sOTfOlghskRUpsrdinrzlEvTestiGinUpekhlbaRfaRHoRsOWidm
340,.DAnImEhfedhlItagrdseRHOldrolhnkhmphnIapritshshkhndrRImaRkEt_frOloR
341,._WiDAtIhdifOzrvzzentRhstWithvrpoRtidnetiGkhmhvsevhntInpYntfyvmil?hndalrz.
342,.mOsthDeRDrvfERtspatsRgEnosROlEzhWiDIvsepshnhvWestrmhnIhnitlI
343,.rtUzhpRyshsDelzeROpYntTRIprsenthndhsembrwmyindikEtiGinflEsnrmEnzhndrkhntROlhpiR
344,.indestRIlwphtgEnziROpYnttUprsentlAsnhnDAndTRI?pYntEtprsentTrDI?iRpiRIhd.
345,.itseddhbhlkWOtDeRiznOkomrShlladjikhbhlkWOttinhkamhnEshnhvkRATrmRAbinshn
346,.?ltREntfRhmfoRpYnEtpRrsentinyntInyntIsevhnpYnttUprsenthnziRhkUpanbanzdUintUTDwzintU.
347,.HIiznevmisoRikstendrnhDhchWhkhntukAtmhtlestDhhspimhskAnhmeRhkh.WoRdhninkoRpREdsel
348,.bhthdhdaRknhspAsthtRcbEits.AphlynbathlWitrDhDhdRAnhn?nstrzhgRik?hnhnselzbl
349,.inhnsents.DIesbidmhnistREchnshpoRthvDhnekskhnplAn.yslIdbeGkhmeRhphmen?hfAkrzAnhvr.
350,.bhshmhvhmhsmOkhlAnInTlAnchmemrzaReldrlImEmAndrz.Uv?UplitrhfoRmhzdEnrz.
351,.koRbrpAnhjmhntRyztinidhmynsthtHOthltHAkshzbhvkoRprthnprsmh.frinIgivhnnhvhlhvkoRprbRAfhts.
352,.RicisaRzhncIfenAnjofhsrvnUzkoRpREShnzeDhkhmphnIbhlItshdwngREtiGizhntin
353,.HInnOthvDAtDhprchnsWidmImEtRrTstakAndnOtskhnvrthbOintin?UzkoRprEShnstat.k.
354,.itizDI?UeskhvrmhndhHAzhHyprpenshtItURAndefhsets.bAtEztUIngEjhnnEghtivs
355,.DhsEtiGsbAGkanzhWintfaRmrtUhndrfoRtItUtrbynztenrEnhletRishtIDetisOltUhlOklItil
356,.anDhneSnhlaRkhtsistimEtiGynpRYnpoRml?hnSeRztEnzAnzaftWenIWhnprsenfrmTrzdEzrj.
357,.HanhlsOkhnfrnhtIdhbIUzthfiGhToRdmhtrkhmphnIz?iRhpIn?UnhdhvAthvrytIhvklAbrtivvencrRz
358,.DitWidnbIen?UShhlfrpRyvhkhmphnIztiswlAthfiftIprsendEtipRsendiskwnafDhphbliky?Uised.
359,.HIbenpHAshfloRthbaRgzARmhnrsWoRnAnhzDhnEShnz?enghstitRnIRhnH?UisevhntIn.
360,.inphtik?hlrhflOhfoRhnmhnIDhvfoRsmhnlAf.hksekthtUIsIfTrginispItnevrmhteRlyzt.
361,.hmeRkhnikspResOlsORIshnIhnwnstklAnzfrRphblhkafriGhvsemSishnstak.piRIhd.
362,.RrpRizedhsivRytsprpOzhlDiznathmpRyDhWolstRItizpIphltWiTkRes.piRIhd.
363,.DrRIshntib?UsizanlolstItHAvmEtidhpashbhltaRghtfoRneshsrIkAksiGkRIs.piRIhd.
364,.mentrzliklitEtrzHAvsUdOShnhnhDrpRaRtIzi?UestistRtkoRttinn?UoRlhnz.piRIhd.
365,.DhWhnHhdRdHyfhnceRIhdeksWhzafyvpYnttUpYntsetWhndwzhnkamhsevhnHhndrdEtInynpYntTyvpiRIhd.
366,._bizmaRksnzezicREninjhbiGpYntfrRneRIwvlaRjRekhnyzfaRmz.
367,.DhfstUhrROdmistrseRhmhkslOzIkRthizednREShnfrkonIpROvhnzanhl.
368,.nistrkEntiGgrWaShzDhvfrRiDyvvRIsObithwnkhlHolplUvDhminEtbagOdr_
369,.?UsiDIllImeRrinDhztEthpaRbRhnnwzDhpItIzekhtrIjanWynfed
370,._DAnhphDhpOthlkasDhthbwvoRbil?hndalrzh.bEgbetithvOltwmmaRkit.
371,.sOTfOlghskRUpsrdinrzlEvTestiGinUpekhlbaRfaRHoRsOWidm
372,.DAnImEhfedhlItagrdseRHOldrolhnkhmphnIapritshshkhndrRImaRkEt_frOloR
373,._WiDAtIhdifOzrvzzentRhstWithvrpoRtidnetiGkhmhvsevhntInpYntfyvmil?hndalrz.
374,.mOsthDeRDrvfERtspatsRgEnosROlEzhWiDIvsepshnhvWestrmhnIhnitlI
375,.rtUzhpRyshsDelzeROpYntTRIprsenthndhsembrwmyindikEtiGinflEsnrmEnzhndrkhntROlhpiR
376,.indestRIlwphtgEnziROpYnttUprsentlAsnhnDAndTRI?pYntEtprsentTrDI?iRpiRIhd.
377,.itseddhbhlkWOtDeRiznOkomrShlladjikhbhlkWOttinhkamhnEshnhvkRATrmRAbinshn
378,.?ltREntfRhmfoRpYnEtpRrsentinyntInyntIsevhnpYnttUprsenthnziRhkUpanbanzdUintUTDwzintU.
379,.HIiznevmisoRikstendrnhDhchWhkhntukAtmhtlestDhhspimhskAnhmeRhkh.WoRdhninkoRpREdsel
380,.bhthdhdaRknhspAsthtRcbEits.AphlynbathlWitrDhDhdRAnhn?nstrzhgRik?hnhnselzbl
381,.inhnsents.DIesbidmhnistREchnshpoRthvDhnekskhnplAn.yslIdbeGkhmeRhphmen?hfAkrzAnhvr.
382,.bhshmhvhmhsmOkhlAnInTlAnchmemrzaReldrlImEmAndrz.Uv?UplitrhfoRmhzdEnrz.
383,.koRbrpAnhjmhntRyztinidhmynsthtHOthltHAkshzbhvkoRprthnprsmh.frinIgivhnnhvhlhvkoRprbRAfhts.
384,.RicisaRzhncIfenAnjofhsrvnUzkoRpREShnzeDhkhmphnIbhlItshdwngREtiGizhntin
385,.HInnOthvDAtDhprchnsWidmImEtRrTstakAndnOtskhnvrthbOintin?UzkoRprEShnstat.k.
386,.itizDI?UeskhvrmhndhHAzhHyprpenshtItURAndefhsets.bAtEztUIngEjhnnEghtivs
387,.DhsEtiGsbAGkanzhWintfaRmrtUhndrfoRtItUtrbynztenrEnhletRishtIDetisOltUhlOklItil
388,.anDhneSnhlaRkhtsistimEtiGynpRYnpoRml?hnSeRztEnzAnzaftWenIWhnprsenfrmTrzdEzrj.
389,.HanhlsOkhnfrnhtIdhbIUzthfiGhToRdmhtrkhmphnIz?iRhpIn?UnhdhvAthvrytIhvklAbrtivvencrRz
390,.DitWidnbIen?UShhlfrpRyvhkhmphnIztiswlAthfiftIprsendEtipRsendiskwnafDhphbliky?Uised.
391,.HIbenpHAshfloRthbaRgzARmhnrsWoRnAnhzDhnEShnz?enghstitRnIRhnH?UisevhntIn.
392,.inphtik?hlrhflOhfoRhnmhnIDhvfoRsmhnlAf.hksekthtUIsIfTrginispItnevrmhteRlyzt.
393,.hmeRkhnikspResOlsORIshnIhnwnstklAnzfrRphblhkafriGhvsemSishnstak.piRIhd.
394,.RrpRizedhsivRytsprpOzhlDiznathmpRyDhWolstRItizpIphltWiTkRes.piRIhd.
395,.DrRIshntib?UsizanlolstItHAvmEtidhpashbhltaRghtfoRneshsrIkAksiGkRIs.piRIhd.
396,.mentrzliklitEtrzHAvsUdOShnhnhDrpRaRtIzi?UestistRtkoRttinn?UoRlhnz.piRIhd.
397,.DhWhnHhdRdHyfhnceRIhdeksWhzafyvpYnttUpYntsetWhndwzhnkamhsevhnHhndrdEtInynpYntTyvpiRIhd.
398,._bizmaRksnzezicREninjhbiGpYntfrRneRIwvlaRjRekhnyzfaRmz.
399,.DhfstUhrROdmistrseRhmhkslOzIkRthizednREShnfrkonIpROvhnzanhl.
400,.nistrkEntiGgrWaShzDhvfrRiDyvvRIsObithwnkhlHolplUvDhminEtbagOdr_
401,.?UsiDIllImeRrinDhztEthpaRbRhnnwzDhpItIzekhtrIjanWynfed
402,._DAnhphDhpOthlkasDhthbwvoRbil?hndalrzh.bEgbetithvOltwmmaRkit.
403,.sOTfOlghskRUpsrdinrzlEvTestiGinUpekhlbaRfaRHoRsOWidm
404,.DAnImEhfedhlItagrdseRHOldrolhnkhmphnIapritshshkhndrRImaRkEt_frOloR
405,._WiDAtIhdifOzrvzzentRhstWithvrpoRtidnetiGkhmhvsevhntInpYntfyvmil?hndalrz.
406,.mOsthDeRDrvfERtspatsRgEnosROlEzhWiDIvsepshnhvWestrmhnIhnitlI
407,.rtUzhpRyshsDelzeROpYntTRIprsenthndhsembrwmyindikEtiGinflEsnrmEnzhndrkhntROlhpiR
408,.indestRIlwphtgEnziROpYnttUprsentlAsnhnDAndTRI?pYntEtprsentTrDI?iRpiRIhd.
409,.itseddhbhlkWOtDeRiznOkomrShlladjikhbhlkWOttinhkamhnEshnhvkRATrmRAbinshn
410,.?ltREntfRhmfoRpYnEtpRrsentinyntInyntIsevhnpYnttUprsenthnziRhkUpanbanzdUintUTDwzintU.
411,.HIiznevmisoRikstendrnhDhchWhkhntukAtmhtlestDhhspimhskAnhmeRhkh.WoRdhninkoRpREdsel
412,.bhthdhdaRknhspAsthtRcbEits.AphlynbathlWitrDhDhdRAnhn?nstrzhgRik?hnhnselzbl
413,.inhnsents.DIesbidmhnistREchnshpoRthvDhnekskhnplAn.yslIdbeGkhmeRhphmen?hfAkrzAnhvr.
414,.bhshmhvhmhsmOkhlAnInTlAnchmemrzaReldrlImEmAndrz.Uv?UplitrhfoRmhzdEnrz.
415,.koRbrpAnhjmhntRyztinidhmynsthtHOthltHAkshzbhvkoRprthnprsmh.frinIgivhnnhvhlhvkoRprbRAfhts.
416,.RicisaRzhncIfenAnjofhsrvnUzkoRpREShnzeDhkhmphnIbhlItshdwngREtiGizhntin
417,.HInnOthvDAtDhprchnsWidmImEtRrTstakAndnOtskhnvrthbOintin?UzkoRprEShnstat.k.
418,.itizDI?UeskhvrmhndhHAzhHyprpenshtItURAndefhsets.bAtEztUIngEjhnnEghtivs
419,.DhsEtiGsbAGkanzhWintfaRmrtUhndrfoRtItUtrbynztenrEnhletRishtIDetisOltUhlOklItil
420,.anDhneSnhlaRkhtsistimEtiGynpRYnpoRml?hnSeRztEnzAnzaftWenIWhnprsenfrmTrzdEzrj.
421,.HanhlsOkhnfrnhtIdhbIUzthfiGhToRdmhtrkhmphnIz?iRhpIn?UnhdhvAthvrytIhvklAbrtivvencrRz
422,.DitWidnbIen?UShhlfrpRyvhkhmphnIztiswlAthfiftIprsendEtipRsendiskwnafDhphbliky?Uised.
423,.HIbenpHAshfloRthbaRgzARmhnrsWoRnAnhzDhnEShnz?enghstitRnIRhnH?UisevhntIn.
424,.inphtik?hlrhflOhfoRhnmhnIDhvfoRsmhnlAf.hksekthtUIsIfTrginispItnevrmhteRlyzt.
425,.hmeRkhnikspResOlsORIshnIhnwnstklAnzfrRphblhkafriGhvsemSishnstak.piRIhd.
426,.RrpRizedhsivRytsprpOzhlDiznathmpRyDhWolstRItizpIphltWiTkRes.piRIhd.
427,.DrRIshntib?UsizanlolstItHAvmEtidhpashbhltaRghtfoRneshsrIkAksiGkRIs.piRIhd.
428,.mentrzliklitEtrzHAvsUdOShnhnhDrpRaRtIzi?UestistRtkoRttinn?UoRlhnz.piRIhd.
429,.DhWhnHhdRdHyfhnceRIhdeksWhzafyvpYnttUpYntsetWhndwzhnkamhsevhnHhndrdEtInynpYntTyvpiRIhd.
430,._bizmaRksnzezicREninjhbiGpYntfrRneRIwvlaRjRekhnyzfaRmz.
431,.DhfstUhrROdmistrseRhmhkslOzIkRthizednREShnfrkonIpROvhnzanhl.
432,.nistrkEntiGgrWaShzDhvfrRiDyvvRIsObithwnkhlHolplUvDhminEtbagOdr_
433,.?UsiDIllImeRrinDhztEthpaRbRhnnwzDhpItIzekhtrIjanWynfed
434,._DAnhphDhpOthlkasDhthbwvoRbil?hndalrzh.bEgbetithvOltwmmaRkit.
435,.sOTfOlghskRUpsrdinrzlEvTestiGinUpekhlbaRfaRHoRsOWidm
436,.DAnImEhfedhlItagrdseRHOldrolhnkhmphnIapritshshkhndrRImaRkEt_frOloR
437,._WiDAtIhdifOzrvzzentRhstWithvrpoRtidnetiGkhmhvsevhntInpYntfyvmil?hndalrz.
438,.mOsthDeRDrvfERtspatsRgEnosROlEzhWiDIvsepshnhvWestrmhnIhnitlI
439,.rtUzhpRyshsDelzeROpYntTRIprsenthndhsembrwmyindikEtiGinflEsnrmEnzhndrkhntROlhpiR
440,.indestRIlwphtgEnziROpYnttUprsentlAsnhnDAndTRI?pYntEtprsentTrDI?iRpiRIhd.
441,.itseddhbhlkWOtDeRiznOkomrShlladjikhbhlkWOttinhkamhnEshnhvkRATrmRAbinshn
442,.?ltREntfRhmfoRpYnEtpRrsentinyntInyntIsevhnpYnttUprsenthnziRhkUpanbanzdUintUTDwzintU.
443,.HIiznevmisoRikstendrnhDhchWhkhntukAtmhtlestDhhspimhskAnhmeRhkh.WoRdhninkoRpREdsel
444,.bhthdhdaRknhspAsthtRcbEits.AphlynbathlWitrDhDhdRAnhn?nstrzhgRik?hnhnselzbl
445,.inhnsents.DIesbidmhnistREchnshpoRthvDhnekskhnplAn.yslIdbeGkhmeRhphmen?hfAkrzAnhvr.
446,.bhshmhvhmhsmOkhlAnInTlAnchmemrzaReldrlImEmAndrz.Uv?UplitrhfoRmhzdEnrz.
447,.koRbrpAnhjmhntRyztinidhmynsthtHOthltHAkshzbhvkoRprthnprsmh.frinIgivhnnhvhlhvkoRprbRAfhts.
448,.RicisaRzhncIfenAnjofhsrvnUzkoRpREShnzeDhkhmphnIbhlItshdwngREtiGizhntin
449,.HInnOthvDAtDhprchnsWidmImEtRrTstakAndnOtskhnvrthbOintin?UzkoRprEShnstat.k.
450,.itizDI?UeskhvrmhndhHAzhHyprpenshtItURAndefhsets.bAtEztUIngEjhnnEghtivs
451,.DhsEtiGsbAGkanzhWintfaRmrtUhndrfoRtItUtrbynztenrEnhletRishtIDetisOltUhlOklItil
452,.anDhneSnhlaRkhtsistimEtiGynpRYnpoRml?hnSeRztEnzAnzaftWenIWhnprsenfrmTrzdEzrj.
453,.HanhlsOkhnfrnhtIdhbIUzthfiGhToRdmhtrkhmphnIz?iRhpIn?UnhdhvAthvrytIhvklAbrtivvencrRz
454,.DitWidnbIen?UShhlfrpRyvhkhmphnIztiswlAthfiftIprsendEtipRsendiskwnafDhphbliky?Uised.
455,.HIbenpHAshfloRthbaRgzARmhnrsWoRnAnhzDhnEShnz?enghstitRnIRhnH?UisevhntIn.
456,.inphtik?hlrhflOhfoRhnmhnIDhvfoRsmhnlAf.hksekthtUIsIfTrginispItnevrmhteRlyzt.
457,.hmeRkhnikspResOlsORIshnIhnwnstklAnzfrRphblhkafriGhvsemSishnstak.piRIhd.
458,.RrpRizedhsivRytsprpOzhlDiznathmpRyDhWolstRItizpIphltWiTkRes.piRIhd.
459,.DrRIshntib?UsizanlolstItHAvmEtidhpashbhltaRghtfoRneshsrIkAksiGkRIs.piRIhd.
460,.mentrzliklitEtrzHAvsUdOShnhnhDrpRaRtIzi?UestistRtkoRttinn?UoRlhnz.piRIhd.
461,.DhWhnHhdRdHyfhnceRIhdeksWhzafyvpYnttUpYntsetWhndwzhnkamhsevhnHhndrdEtInynpYntTyvpiRIhd.
462,._bizmaRksnzezicREninjhbiGpYntfrRneRIwvlaRjRekhnyzfaRmz.
463,.DhfstUhrROdmistrseRhmhkslOzIkRthizednREShnfrkonIpROvhnzanhl.
464,.nistrkEntiGgrWaShzDhvfrRiDyvvRIsObithwnkhlHolplUvDhminEtbagOdr_
465,.?UsiDIllImeRrinDhztEthpaRbRhnnwzDhpItIzekhtrIjanWynfed
466,._DAnhphDhpOthlkasDhthbwvoRbil?hndalrzh.bEgbetithvOltwmmaRkit.
467,.sOTfOlghskRUpsrdinrzlEvTestiGinUpekhlbaRfaRHoRsOWidm
468,.DAnImEhfedhlItagrdseRHOldrolhnkhmphnIapritshshkhndrRImaRkEt_frOloR
469,._WiDAtIhdifOzrvzzentRhstWithvrpoRtidnetiGkhmhvsevhntInpYntfyvmil?hndalrz.
470,.mOsthDeRDrvfERtspatsRgEnosROlEzhWiDIvsepshnhvWestrmhnIhnitlI
471,.rtUzhpRyshsDelzeROpYntTRIprsenthndhsembrwmyindikEtiGinflEsnrmEnzhndrkhntROlhpiR
472,.indestRIlwphtgEnziROpYnttUprsentlAsnhnDAndTRI?pYntEtprsentTrDI?iRpiRIhd.
473,.itseddhbhlkWOtDeRiznOkomrShlladjikhbhlkWOttinhkamhnEshnhvkRATrmRAbinshn
474,.?ltREntfRhmfoRpYnEtpRrsentinyntInyntIsevhnpYnttUprsenthnziRhkUpanbanzdUintUTDwzintU.
475,.HIiznevmisoRikstendrnhDhchWhkhntukAtmhtlestDhhspimhskAnhmeRhkh.WoRdhninkoRpREdsel
476,.bhthdhdaRknhspAsthtRcbEits.AphlynbathlWitrDhDhdRAnhn?nstrzhgRik?hnhnselzbl
477,.inhnsents.DIesbidmhnistREchnshpoRthvDhnekskhnplAn.yslIdbeGkhmeRhphmen?hfAkrzAnhvr.
478,.bhshmhvhmhsmOkhlAnInTlAnchmemrzaReldrlImEmAndrz.Uv?UplitrhfoRmhzdEnrz.
479,.koRbrpAnhjmhntRyztinidhmynsthtHOthltHAkshzbhvkoRprthnprsmh.frinIgivhnnhvhlhvkoRprbRAfhts.
480,.RicisaRzhncIfenAnjofhsrvnUzkoRpREShnzeDhkhmphnIbhlItshdwngREtiGizhntin
481,.HInnOthvDAtDhprchnsWidmImEtRrTstakAndnOtskhnvrthbOintin?UzkoRprEShnstat.k.
482,.itizDI?UeskhvrmhndhHAzhHyprpenshtItURAndefhsets.bAtEztUIngEjhnnEghtivs
483,.DhsEtiGsbAGkanzhWintfaRmrtUhndrfoRtItUtrbynztenrEnhletRishtIDetisOltUhlOklItil
484,.anDhneSnhlaRkhtsistimEtiGynpRYnpoRml?hnSeRztEnzAnzaftWenIWhnprsenfrmTrzdEzrj.
485,.HanhlsOkhnfrnhtIdhbIUzthfiGhToRdmhtrkhmphnIz?iRhpIn?UnhdhvAthvrytIhvklAbrtivvencrRz
486,.DitWidnbIen?UShhlfrpRyvhkhmphnIztiswlAthfiftIprsendEtipRsendiskwnafDhphbliky?Uised.
487,.HIbenpHAshfloRthbaRgzARmhnrsWoRnAnhzDhnEShnz?enghstitRnIRhnH?UisevhntIn.
488,.inphtik?hlrhflOhfoRhnmhnIDhvfoRsmhnlAf.hksekthtUIsIfTrginispItnevrmhteRlyzt.
489,.hmeRkhnikspResOlsORIshnIhnwnstklAnzfrRphblhkafriGhvsemSishnstak.piRIhd.
490,.RrpRizedhsivRytsprpOzhlDiznathmpRyDhWolstRItizpIphltWiTkRes.piRIhd.
491,.DrRIshntib?UsizanlolstItHAvmEtidhpashbhltaRghtfoRneshsrIkAksiGkRIs.piRIhd.
492,.mentrzliklitEtrzHAvsUdOShnhnhDrpRaRtIzi?UestistRtkoRttinn?UoRlhnz.piRIhd.
493,.DhWhnHhdRdHyfhnceRIhdeksWhzafyvpYnttUpYntsetWhndwzhnkamhsevhnHhndrdEtInynpYntTyvpiRIhd.
494,._bizmaRksnzezicREninjhbiGpYntfrRneRIwvlaRjRekhnyzfaRmz.
495,.DhfstUhrROdmistrseRhmhkslOzIkRthizednREShnfrkonIpROvhnzanhl.
496,.nistrkEntiGgrWaShzDhvfrRiDyvvRIsObithwnkhlHolplUvDhminEtbagOdr_
497,.?UsiDIllImeRrinDhztEthpaRbRhnnwzDhpItIzekhtrIjanWynfed
498,._DAnhphDhpOthlkasDhthbwvoRbil?hndalrzh.bEgbetithvOltwmmaRkit.
499,.sOTfOlghskRUpsrdinrzlEvTestiGinUpekhlbaRfaRHoRsOWidm
500,.DAnImEhfedhlItagrdseRHOldrolhnkhmphnIapritshshkhndrRImaRkEt_frOloR
501,._WiDAtIhdifOzrvzzentRhstWithvrpoRtidnetiGkhmhvsevhntInpYntfyvmil?hndalrz.
502,.mOsthDeRDrvfERtspatsRgEnosROlEzhWiDIvsepshnhvWestrmhnIhnitlI
503,.rtUzhpRyshsDelzeROpYntTRIprsenthndhsembrwmyindikEtiGinflEsnrmEnzhndrkhntROlhpiR
504,.indestRIlwphtgEnziROpYnttUprsentlAsnhnDAndTRI?pYntEtprsentTrDI?iRpiRIhd.
505,.itseddhbhlkWOtDeRiznOkomrShlladjikhbhlkWOttinhkamhnEshnhvkRATrmRAbinshn
506,.?ltREntfRhmfoRpYnEtpRrsentinyntInyntIsevhnpYnttUprsenthnziRhkUpanbanzdUintUTDwzintU.
507,.HIiznevmisoRikstendrnhDhchWhkhntukAtmhtlestDhhspimhskAnhmeRhkh.WoRdhninkoRpREdsel
508,.bhthdhdaRknhspAsthtRcbEits.AphlynbathlWitrDhDhdRAnhn?nstrzhgRik?hnhnselzbl
509,.inhnsents.DIesbidmhnistREchnshpoRthvDhnekskhnplAn.yslIdbeGkhmeRhphmen?hfAkrzAnhvr.
510,.bhshmhvhmhsmOkhlAnInTlAnchmemrzaReldrlImEmAndrz.Uv?UplitrhfoRmhzdEnrz.
511,.koRbrpAnhjmhntRyztinidhmynsthtHOthltHAkshzbhvkoRprthnprsmh.frinIgivhnnhvhlhvkoRprbRAfhts.
512,.RicisaRzhncIfenAnjofhsrvnUzkoRpREShnzeDhkhmphnIbhlItshdwngREtiGizhntin
513,.HInnOthvDAtDhprchnsWidmImEtRrTstakAndnOtskhnvrthbOintin?UzkoRprEShnstat.k.
514,.itizDI?UeskhvrmhndhHAzhHyprpenshtItURAndefhsets.bAtEztUIngEjhnnEghtivs
515,.DhsEtiGsbAGkanzhWintfaRmrtUhndrfoRtItUtrbynztenrEnhletRishtIDetisOltUhlOklItil
516,.anDhneSnhlaRkhtsistimEtiGynpRYnpoRml?hnSeRztEnzAnzaftWenIWhnprsenfrmTrzdEzrj.
517,.HanhlsOkhnfrnhtIdhbIUzthfiGhToRdmhtrkhmphnIz?iRhpIn?UnhdhvAthvrytIhvklAbrtivvencrRz
518,.DitWidnbIen?UShhlfrpRyvhkhmphnIztiswlAthfiftIprsendEtipRsendiskwnafDhphbliky?Uised.
519,.HIbenpHAshfloRthbaRgzARmhnrsWoRnAnhzDhnEShnz?enghstitRnIRhnH?UisevhntIn.
520,.inphtik?hlrhflOhfoRhnmhnIDhvfoRsmhnlAf.hksekthtUIsIfTrginispItnevrmhteRlyzt.
521,.hmeRkhnikspResOlsORIshnIhnwnstklAnzfrRphblhkafriGhvsemSishnstak.piRIhd.
522,.RrpRizedhsivRytsprpOzhlDiznathmpRyDhWolstRItizpIphltWiTkRes.piRIhd.
523,.DrRIshntib?UsizanlolstItHAvmEtidhpashbhltaRghtfoRneshsrIkAksiGkRIs.piRIhd.
524,.mentrzliklitEtrzHAvsUdOShnhnhDrpRaRtIzi?UestistRtkoRttinn?UoRlhnz.piRIhd.
525,.DhWhnHhdRdHyfhnceRIhdeksWhzafyvpYnttUpYntsetWhndwzhnkamhsevhnHhndrdEtInynpYntTyvpiRIhd.
526,._bizmaRksnzezicREninjhbiGpYntfrRneRIwvlaRjRekhnyzfaRmz.
527,.DhfstUhrROdmistrseRhmhkslOzIkRthizednREShnfrkonIpROvhnzanhl.
528,.nistrkEntiGgrWaShzDhvfrRiDyvvRIsObithwnkhlHolplUvDhminEtbagOdr_
529,.?UsiDIllImeRrinDhztEthpaRbRhnnwzDhpItIzekhtrIjanWynfed
530,._DAnhphDhpOthlkasDhthbwvoRbil?hndalrzh.bEgbetithvOltwmmaRkit.
531,.sOTfOlghskRUpsrdinrzlEvTestiGinUpekhlbaRfaRHoRsOWidm
532,.DAnImEhfedhlItagrdseRHOldrolhnkhmphnIapritshshkhndrRImaRkEt_frOloR
533,._WiDAtIhdifOzrvzzentRhstWithvrpoRtidnetiGkhmhvsevhntInpYntfyvmil?hndalrz.
534,.mOsthDeRDrvfERtspatsRgEnosROlEzhWiDIvsepshnhvWestrmhnIhnitlI
535,.rtUzhpRyshsDelzeROpYntTRIprsenthndhsembrwmyindikEtiGinflEsnrmEnzhndrkhntROlhpiR
536,.indestRIlwphtgEnziROpYnttUprsentlAsnhnDAndTRI?pYntEtprsentTrDI?iRpiRIhd.
537,.itseddhbhlkWOtDeRiznOkomrShlladjikhbhlkWOttinhkamhnEshnhvkRATrmRAbinshn
538,.?ltREntfRhmfoRpYnEtpRrsentinyntInyntIsevhnpYnttUprsenthnziRhkUpanbanzdUintUTDwzintU.
539,.HIiznevmisoRikstendrnhDhchWhkhntukAtmhtlestDhhspimhskAnhmeRhkh.WoRdhninkoRpREdsel
540,.bhthdhdaRknhspAsthtRcbEits.AphlynbathlWitrDhDhdRAnhn?nstrzhgRik?hnhnselzbl
541,.inhnsents.DIesbidmhnistREchnshpoRthvDhnekskhnplAn.yslIdbeGkhmeRhphmen?hfAkrzAnhvr.
542,.bhshmhvhmhsmOkhlAnInTlAnchmemrzaReldrlImEmAndrz.Uv?UplitrhfoRmhzdEnrz.
543,.koRbrpAnhjmhntRyztinidhmynsthtHOthltHAkshzbhvkoRprthnprsmh.frinIgivhnnhvhlhvkoRprbRAfhts.
